,Compound,variable,Abundance,Tissue,Condition,Mouse
52,Glu_Akg,1_heart,85.92776167273176,heart,Exercise,1_
53,ADP_ATP,1_heart,1.4858285914012792,heart,Exercise,1_
54,NAD_NADH,1_heart,3.7894649516906096,heart,Exercise,1_
55,NADP_NADPH,1_heart,8.419707181036486,heart,Exercise,1_
56,AMP_ATP,1_heart,2.723334459223825,heart,Exercise,1_
57,Lac_Pyr,1_heart,41.84754752965016,heart,Exercise,1_
110,Glu_Akg,1_kidney,120.67525068684175,kidney,Exercise,1_
111,ADP_ATP,1_kidney,9.753289120319328,kidney,Exercise,1_
112,NAD_NADH,1_kidney,2.5018212931334425,kidney,Exercise,1_
113,NADP_NADPH,1_kidney,11.987845128109964,kidney,Exercise,1_
114,AMP_ATP,1_kidney,100.42114403529503,kidney,Exercise,1_
115,Lac_Pyr,1_kidney,67.01068985211003,kidney,Exercise,1_
168,Glu_Akg,1_liver,49.738436227361674,liver,Exercise,1_
169,ADP_ATP,1_liver,8.046173657546001,liver,Exercise,1_
170,NAD_NADH,1_liver,2.5694625135971707,liver,Exercise,1_
171,NADP_NADPH,1_liver,5.782052098592446,liver,Exercise,1_
172,AMP_ATP,1_liver,35.26532993341879,liver,Exercise,1_
173,Lac_Pyr,1_liver,90.29798037082065,liver,Exercise,1_
226,Glu_Akg,1_quad,12.81581711585638,quad,Exercise,1_
227,ADP_ATP,1_quad,0.10692863476721041,quad,Exercise,1_
228,NAD_NADH,1_quad,9.877225366491443,quad,Exercise,1_
229,NADP_NADPH,1_quad,2.9277945685984688,quad,Exercise,1_
230,AMP_ATP,1_quad,0.030201700077958193,quad,Exercise,1_
231,Lac_Pyr,1_quad,4.399264930042032,quad,Exercise,1_
284,Glu_Akg,1_tumor,62.141931245843274,tumor,Exercise,1_
285,ADP_ATP,1_tumor,1.0237744379997866,tumor,Exercise,1_
286,NAD_NADH,1_tumor,8.729086828983888,tumor,Exercise,1_
287,NADP_NADPH,1_tumor,19.30139964264443,tumor,Exercise,1_
288,AMP_ATP,1_tumor,1.8809562167000693,tumor,Exercise,1_
289,Lac_Pyr,1_tumor,34.49484162594999,tumor,Exercise,1_
342,Glu_Akg,2_heart,115.69761264660778,heart,Sedentary,2_
343,ADP_ATP,2_heart,2.290566558203428,heart,Sedentary,2_
344,NAD_NADH,2_heart,4.016248865209355,heart,Sedentary,2_
345,NADP_NADPH,2_heart,38.05810208126858,heart,Sedentary,2_
346,AMP_ATP,2_heart,6.410487936962777,heart,Sedentary,2_
347,Lac_Pyr,2_heart,55.957926571822554,heart,Sedentary,2_
400,Glu_Akg,2_kidney,98.20469704880104,kidney,Sedentary,2_
401,ADP_ATP,2_kidney,5.552628850898553,kidney,Sedentary,2_
402,NAD_NADH,2_kidney,2.335339298173144,kidney,Sedentary,2_
403,NADP_NADPH,2_kidney,17.435234412759787,kidney,Sedentary,2_
404,AMP_ATP,2_kidney,69.22464006831196,kidney,Sedentary,2_
405,Lac_Pyr,2_kidney,45.608041377326764,kidney,Sedentary,2_
458,Glu_Akg,2_liver,49.21616433734447,liver,Sedentary,2_
459,ADP_ATP,2_liver,8.822149678748323,liver,Sedentary,2_
460,NAD_NADH,2_liver,2.453150407978575,liver,Sedentary,2_
461,NADP_NADPH,2_liver,4.893284044210092,liver,Sedentary,2_
462,AMP_ATP,2_liver,39.94401534758614,liver,Sedentary,2_
463,Lac_Pyr,2_liver,56.87714639313134,liver,Sedentary,2_
516,Glu_Akg,2_quad,37.954628504867294,quad,Sedentary,2_
517,ADP_ATP,2_quad,0.12480508483086884,quad,Sedentary,2_
518,NAD_NADH,2_quad,10.209215904524818,quad,Sedentary,2_
519,NADP_NADPH,2_quad,12.209451512883566,quad,Sedentary,2_
520,AMP_ATP,2_quad,0.053193704146268554,quad,Sedentary,2_
521,Lac_Pyr,2_quad,2.981371468401054,quad,Sedentary,2_
574,Glu_Akg,2_tumor,44.45499771793701,tumor,Sedentary,2_
575,ADP_ATP,2_tumor,1.2411859750460073,tumor,Sedentary,2_
576,NAD_NADH,2_tumor,10.918133413499756,tumor,Sedentary,2_
577,NADP_NADPH,2_tumor,18.930915459430047,tumor,Sedentary,2_
578,AMP_ATP,2_tumor,1.607630095428262,tumor,Sedentary,2_
579,Lac_Pyr,2_tumor,53.12688014904552,tumor,Sedentary,2_
632,Glu_Akg,3_heart,91.46818960092074,heart,Exercise,3_
633,ADP_ATP,3_heart,1.2662723220053076,heart,Exercise,3_
634,NAD_NADH,3_heart,1.9988950737215077,heart,Exercise,3_
635,NADP_NADPH,3_heart,26.96282225237449,heart,Exercise,3_
636,AMP_ATP,3_heart,1.5581008414316462,heart,Exercise,3_
637,Lac_Pyr,3_heart,39.93252633709339,heart,Exercise,3_
690,Glu_Akg,3_kidney,104.34057782722024,kidney,Exercise,3_
691,ADP_ATP,3_kidney,4.210577701502326,kidney,Exercise,3_
692,NAD_NADH,3_kidney,1.5860634199539354,kidney,Exercise,3_
693,NADP_NADPH,3_kidney,10.869316628430825,kidney,Exercise,3_
694,AMP_ATP,3_kidney,58.48302936888356,kidney,Exercise,3_
695,Lac_Pyr,3_kidney,39.405429364651596,kidney,Exercise,3_
748,Glu_Akg,3_liver,50.79966068890071,liver,Exercise,3_
749,ADP_ATP,3_liver,12.074854368350785,liver,Exercise,3_
750,NAD_NADH,3_liver,1.3963034532924252,liver,Exercise,3_
751,NADP_NADPH,3_liver,3.917314392924149,liver,Exercise,3_
752,AMP_ATP,3_liver,79.45461114311807,liver,Exercise,3_
753,Lac_Pyr,3_liver,67.43408472424939,liver,Exercise,3_
806,Glu_Akg,3_quad,34.48029167656871,quad,Exercise,3_
807,ADP_ATP,3_quad,0.14088947235795016,quad,Exercise,3_
808,NAD_NADH,3_quad,8.455810416341494,quad,Exercise,3_
809,NADP_NADPH,3_quad,1.8665072567447056,quad,Exercise,3_
810,AMP_ATP,3_quad,0.07189776619426909,quad,Exercise,3_
811,Lac_Pyr,3_quad,4.005255483415221,quad,Exercise,3_
864,Glu_Akg,3_tumor,63.15699058587867,tumor,Exercise,3_
865,ADP_ATP,3_tumor,3.1876327023327526,tumor,Exercise,3_
866,NAD_NADH,3_tumor,8.637522602710924,tumor,Exercise,3_
867,NADP_NADPH,3_tumor,31.152879581151833,tumor,Exercise,3_
868,AMP_ATP,3_tumor,11.99276088021564,tumor,Exercise,3_
869,Lac_Pyr,3_tumor,92.95132304578802,tumor,Exercise,3_
922,Glu_Akg,5_heart,83.9233456189892,heart,Exercise,5_
923,ADP_ATP,5_heart,1.4956419717552776,heart,Exercise,5_
924,NAD_NADH,5_heart,2.5066352917025316,heart,Exercise,5_
925,NADP_NADPH,5_heart,11.918546365914787,heart,Exercise,5_
926,AMP_ATP,5_heart,1.9901041848849204,heart,Exercise,5_
927,Lac_Pyr,5_heart,45.69736994776415,heart,Exercise,5_
980,Glu_Akg,5_kidney,99.29072500829112,kidney,Exercise,5_
981,ADP_ATP,5_kidney,4.940004745534268,kidney,Exercise,5_
982,NAD_NADH,5_kidney,1.2678065007526942,kidney,Exercise,5_
983,NADP_NADPH,5_kidney,15.369156360118842,kidney,Exercise,5_
984,AMP_ATP,5_kidney,55.06854588379075,kidney,Exercise,5_
985,Lac_Pyr,5_kidney,64.20102851220118,kidney,Exercise,5_
1038,Glu_Akg,5_liver,57.76896890273835,liver,Exercise,5_
1039,ADP_ATP,5_liver,5.686979944929817,liver,Exercise,5_
1040,NAD_NADH,5_liver,1.7816097203748633,liver,Exercise,5_
1041,NADP_NADPH,5_liver,3.0454444564592595,liver,Exercise,5_
1042,AMP_ATP,5_liver,27.103026046963866,liver,Exercise,5_
1043,Lac_Pyr,5_liver,62.24078118417677,liver,Exercise,5_
1096,Glu_Akg,5_quad,7.552924378635643,quad,Exercise,5_
1097,ADP_ATP,5_quad,0.11766707003127322,quad,Exercise,5_
1098,NAD_NADH,5_quad,9.03968420739952,quad,Exercise,5_
1099,NADP_NADPH,5_quad,3.3390470533327674,quad,Exercise,5_
1100,AMP_ATP,5_quad,0.047891335328728066,quad,Exercise,5_
1101,Lac_Pyr,5_quad,4.340839933915641,quad,Exercise,5_
1154,Glu_Akg,5_tumor,55.25269465585642,tumor,Exercise,5_
1155,ADP_ATP,5_tumor,3.1900279578100736,tumor,Exercise,5_
1156,NAD_NADH,5_tumor,11.37022937421963,tumor,Exercise,5_
1157,NADP_NADPH,5_tumor,13.973329264571253,tumor,Exercise,5_
1158,AMP_ATP,5_tumor,11.041404523294316,tumor,Exercise,5_
1159,Lac_Pyr,5_tumor,34.01411303727415,tumor,Exercise,5_
1212,Glu_Akg,6_heart,105.75610876792173,heart,Sedentary,6_
1213,ADP_ATP,6_heart,2.494491273396159,heart,Sedentary,6_
1214,NAD_NADH,6_heart,2.2482237037320334,heart,Sedentary,6_
1215,NADP_NADPH,6_heart,11.87278314310799,heart,Sedentary,6_
1216,AMP_ATP,6_heart,7.620888025223548,heart,Sedentary,6_
1217,Lac_Pyr,6_heart,72.4120635213968,heart,Sedentary,6_
1270,Glu_Akg,6_kidney,102.83916169421892,kidney,Sedentary,6_
1271,ADP_ATP,6_kidney,7.805549636529921,kidney,Sedentary,6_
1272,NAD_NADH,6_kidney,1.629002869613717,kidney,Sedentary,6_
1273,NADP_NADPH,6_kidney,19.224522813720935,kidney,Sedentary,6_
1274,AMP_ATP,6_kidney,61.65586722106461,kidney,Sedentary,6_
1275,Lac_Pyr,6_kidney,50.69251723339258,kidney,Sedentary,6_
1328,Glu_Akg,6_liver,53.73915220890717,liver,Sedentary,6_
1329,ADP_ATP,6_liver,6.337932877398459,liver,Sedentary,6_
1330,NAD_NADH,6_liver,1.8620469655839056,liver,Sedentary,6_
1331,NADP_NADPH,6_liver,3.0867587007153783,liver,Sedentary,6_
1332,AMP_ATP,6_liver,22.999321066151737,liver,Sedentary,6_
1333,Lac_Pyr,6_liver,51.83216148255492,liver,Sedentary,6_
1386,Glu_Akg,6_quad,22.413617448488285,quad,Sedentary,6_
1387,ADP_ATP,6_quad,0.12458589213570727,quad,Sedentary,6_
1388,NAD_NADH,6_quad,8.399351401181965,quad,Sedentary,6_
1389,NADP_NADPH,6_quad,1.4613187658170357,quad,Sedentary,6_
1390,AMP_ATP,6_quad,0.05277147514370807,quad,Sedentary,6_
1391,Lac_Pyr,6_quad,4.311569808031031,quad,Sedentary,6_
1444,Glu_Akg,6_tumor,52.57850380882284,tumor,Sedentary,6_
1445,ADP_ATP,6_tumor,1.2420145138553025,tumor,Sedentary,6_
1446,NAD_NADH,6_tumor,6.5221738522807975,tumor,Sedentary,6_
1447,NADP_NADPH,6_tumor,34.24959273912032,tumor,Sedentary,6_
1448,AMP_ATP,6_tumor,2.228366419084678,tumor,Sedentary,6_
1449,Lac_Pyr,6_tumor,34.36000113167643,tumor,Sedentary,6_
1502,Glu_Akg,7_heart,60.774529201620595,heart,Exercise,7_
1503,ADP_ATP,7_heart,2.118064508769658,heart,Exercise,7_
1504,NAD_NADH,7_heart,4.45053180245001,heart,Exercise,7_
1505,NADP_NADPH,7_heart,inf,heart,Exercise,7_
1506,AMP_ATP,7_heart,11.335111577531908,heart,Exercise,7_
1507,Lac_Pyr,7_heart,33.38275438819756,heart,Exercise,7_
1560,Glu_Akg,7_kidney,55.92308481383169,kidney,Exercise,7_
1561,ADP_ATP,7_kidney,3.8357281041094375,kidney,Exercise,7_
1562,NAD_NADH,7_kidney,2.22856777774443,kidney,Exercise,7_
1563,NADP_NADPH,7_kidney,9.075346929553966,kidney,Exercise,7_
1564,AMP_ATP,7_kidney,40.655571705132125,kidney,Exercise,7_
1565,Lac_Pyr,7_kidney,53.11407604448732,kidney,Exercise,7_
1618,Glu_Akg,7_liver,52.269291710785055,liver,Exercise,7_
1619,ADP_ATP,7_liver,6.490396722987951,liver,Exercise,7_
1620,NAD_NADH,7_liver,2.3977629851974225,liver,Exercise,7_
1621,NADP_NADPH,7_liver,3.4216105546904028,liver,Exercise,7_
1622,AMP_ATP,7_liver,25.620126655609205,liver,Exercise,7_
1623,Lac_Pyr,7_liver,68.83700946148637,liver,Exercise,7_
1676,Glu_Akg,7_quad,13.724348348348348,quad,Exercise,7_
1677,ADP_ATP,7_quad,0.1333494619966144,quad,Exercise,7_
1678,NAD_NADH,7_quad,11.414108421420805,quad,Exercise,7_
1679,NADP_NADPH,7_quad,0.7260766622722398,quad,Exercise,7_
1680,AMP_ATP,7_quad,0.052591237568784394,quad,Exercise,7_
1681,Lac_Pyr,7_quad,3.714639477237961,quad,Exercise,7_
1734,Glu_Akg,7_tumor,66.6596171667269,tumor,Exercise,7_
1735,ADP_ATP,7_tumor,1.6029475541129852,tumor,Exercise,7_
1736,NAD_NADH,7_tumor,7.734512410828494,tumor,Exercise,7_
1737,NADP_NADPH,7_tumor,19.134502600420493,tumor,Exercise,7_
1738,AMP_ATP,7_tumor,4.856089635055576,tumor,Exercise,7_
1739,Lac_Pyr,7_tumor,84.65230601384714,tumor,Exercise,7_
1792,Glu_Akg,8_heart,109.95471123772198,heart,Sedentary,8_
1793,ADP_ATP,8_heart,2.3261329973176528,heart,Sedentary,8_
1794,NAD_NADH,8_heart,2.1804224165572212,heart,Sedentary,8_
1795,NADP_NADPH,8_heart,11.097627372627372,heart,Sedentary,8_
1796,AMP_ATP,8_heart,7.651083569085076,heart,Sedentary,8_
1797,Lac_Pyr,8_heart,73.16930197197159,heart,Sedentary,8_
1850,Glu_Akg,8_kidney,81.92751157536165,kidney,Sedentary,8_
1851,ADP_ATP,8_kidney,3.323594007736565,kidney,Sedentary,8_
1852,NAD_NADH,8_kidney,3.0016506149405924,kidney,Sedentary,8_
1853,NADP_NADPH,8_kidney,7.206264178144633,kidney,Sedentary,8_
1854,AMP_ATP,8_kidney,36.14747727615724,kidney,Sedentary,8_
1855,Lac_Pyr,8_kidney,54.33213922552111,kidney,Sedentary,8_
1908,Glu_Akg,8_liver,74.94013614477835,liver,Sedentary,8_
1909,ADP_ATP,8_liver,13.232967398070437,liver,Sedentary,8_
1910,NAD_NADH,8_liver,2.3779689034721248,liver,Sedentary,8_
1911,NADP_NADPH,8_liver,4.8669931507740625,liver,Sedentary,8_
1912,AMP_ATP,8_liver,109.93922033384804,liver,Sedentary,8_
1913,Lac_Pyr,8_liver,54.287014374716826,liver,Sedentary,8_
1966,Glu_Akg,8_quad,27.762149954832882,quad,Sedentary,8_
1967,ADP_ATP,8_quad,0.12677847685879695,quad,Sedentary,8_
1968,NAD_NADH,8_quad,11.968250517317017,quad,Sedentary,8_
1969,NADP_NADPH,8_quad,1.2208566188369836,quad,Sedentary,8_
1970,AMP_ATP,8_quad,0.05112121258496746,quad,Sedentary,8_
1971,Lac_Pyr,8_quad,3.350336117870058,quad,Sedentary,8_
2024,Glu_Akg,8_tumor,45.356232146468614,tumor,Sedentary,8_
2025,ADP_ATP,8_tumor,1.262812957620896,tumor,Sedentary,8_
2026,NAD_NADH,8_tumor,9.615525536244352,tumor,Sedentary,8_
2027,NADP_NADPH,8_tumor,19.578515007898893,tumor,Sedentary,8_
2028,AMP_ATP,8_tumor,2.055923357389448,tumor,Sedentary,8_
2029,Lac_Pyr,8_tumor,25.41071545366827,tumor,Sedentary,8_
2082,Glu_Akg,9_heart,87.60579075910248,heart,Exercise,9_
2083,ADP_ATP,9_heart,3.1732637503639087,heart,Exercise,9_
2084,NAD_NADH,9_heart,7.952388512537925,heart,Exercise,9_
2085,NADP_NADPH,9_heart,24.78631790744467,heart,Exercise,9_
2086,AMP_ATP,9_heart,9.304592876474313,heart,Exercise,9_
2087,Lac_Pyr,9_heart,31.561549091491756,heart,Exercise,9_
2140,Glu_Akg,9_kidney,110.00405764592708,kidney,Exercise,9_
2141,ADP_ATP,9_kidney,4.8204942835466325,kidney,Exercise,9_
2142,NAD_NADH,9_kidney,3.487976243911916,kidney,Exercise,9_
2143,NADP_NADPH,9_kidney,10.766904512851166,kidney,Exercise,9_
2144,AMP_ATP,9_kidney,70.73762196711611,kidney,Exercise,9_
2145,Lac_Pyr,9_kidney,63.037670429295176,kidney,Exercise,9_
2198,Glu_Akg,9_liver,39.23643585910366,liver,Exercise,9_
2199,ADP_ATP,9_liver,10.374948855407355,liver,Exercise,9_
2200,NAD_NADH,9_liver,2.118056201569641,liver,Exercise,9_
2201,NADP_NADPH,9_liver,4.026725696537017,liver,Exercise,9_
2202,AMP_ATP,9_liver,42.09394798912821,liver,Exercise,9_
2203,Lac_Pyr,9_liver,46.62944854010878,liver,Exercise,9_
2256,Glu_Akg,9_quad,32.98106956152186,quad,Exercise,9_
2257,ADP_ATP,9_quad,0.10640257870079424,quad,Exercise,9_
2258,NAD_NADH,9_quad,9.842739965798044,quad,Exercise,9_
2259,NADP_NADPH,9_quad,3.1212653497063534,quad,Exercise,9_
2260,AMP_ATP,9_quad,0.06450025822348242,quad,Exercise,9_
2261,Lac_Pyr,9_quad,3.8203536991930442,quad,Exercise,9_
2314,Glu_Akg,9_tumor,42.98933542381971,tumor,Exercise,9_
2315,ADP_ATP,9_tumor,0.7859390963224198,tumor,Exercise,9_
2316,NAD_NADH,9_tumor,8.637930454068398,tumor,Exercise,9_
2317,NADP_NADPH,9_tumor,21.840574310057878,tumor,Exercise,9_
2318,AMP_ATP,9_tumor,0.9292986178589899,tumor,Exercise,9_
2319,Lac_Pyr,9_tumor,66.19739572545735,tumor,Exercise,9_
2372,Glu_Akg,10_heart,122.30020137334714,heart,Sedentary,10
2373,ADP_ATP,10_heart,4.334716252503192,heart,Sedentary,10
2374,NAD_NADH,10_heart,2.0571275210564166,heart,Sedentary,10
2375,NADP_NADPH,10_heart,5.831013618968208,heart,Sedentary,10
2376,AMP_ATP,10_heart,12.92261700105518,heart,Sedentary,10
2377,Lac_Pyr,10_heart,82.62785912230632,heart,Sedentary,10
2430,Glu_Akg,10_kidney,71.38019354885547,kidney,Sedentary,10
2431,ADP_ATP,10_kidney,4.197237289324218,kidney,Sedentary,10
2432,NAD_NADH,10_kidney,2.220326939123373,kidney,Sedentary,10
2433,NADP_NADPH,10_kidney,16.003490301539166,kidney,Sedentary,10
2434,AMP_ATP,10_kidney,43.06255789763166,kidney,Sedentary,10
2435,Lac_Pyr,10_kidney,36.792112017550814,kidney,Sedentary,10
2488,Glu_Akg,10_liver,47.249178745033625,liver,Sedentary,10
2489,ADP_ATP,10_liver,6.8540304902336935,liver,Sedentary,10
2490,NAD_NADH,10_liver,1.572064927026759,liver,Sedentary,10
2491,NADP_NADPH,10_liver,3.143943966384429,liver,Sedentary,10
2492,AMP_ATP,10_liver,42.49619216473742,liver,Sedentary,10
2493,Lac_Pyr,10_liver,48.813599265026994,liver,Sedentary,10
2546,Glu_Akg,10_quad,6.2541735457290315,quad,Sedentary,10
2547,ADP_ATP,10_quad,0.12286386988362519,quad,Sedentary,10
2548,NAD_NADH,10_quad,7.876240914514569,quad,Sedentary,10
2549,NADP_NADPH,10_quad,3.5819040389094043,quad,Sedentary,10
2550,AMP_ATP,10_quad,0.05738439958078748,quad,Sedentary,10
2551,Lac_Pyr,10_quad,4.377823337799422,quad,Sedentary,10
2604,Glu_Akg,10_tumor,45.812728627500015,tumor,Sedentary,10
2605,ADP_ATP,10_tumor,2.989904550678569,tumor,Sedentary,10
2606,NAD_NADH,10_tumor,10.90726531826171,tumor,Sedentary,10
2607,NADP_NADPH,10_tumor,12.671090211464675,tumor,Sedentary,10
2608,AMP_ATP,10_tumor,5.899083358741286,tumor,Sedentary,10
2609,Lac_Pyr,10_tumor,126.58263015063407,tumor,Sedentary,10
2662,Glu_Akg,11_heart,86.94382866048835,heart,Exercise,11
2663,ADP_ATP,11_heart,1.7490913689694267,heart,Exercise,11
2664,NAD_NADH,11_heart,3.5822265189081133,heart,Exercise,11
2665,NADP_NADPH,11_heart,11.647607984856307,heart,Exercise,11
2666,AMP_ATP,11_heart,6.383367877896626,heart,Exercise,11
2667,Lac_Pyr,11_heart,39.10352187090104,heart,Exercise,11
2720,Glu_Akg,11_kidney,117.89397195450204,kidney,Exercise,11
2721,ADP_ATP,11_kidney,3.90837570273982,kidney,Exercise,11
2722,NAD_NADH,11_kidney,1.9951543260460336,kidney,Exercise,11
2723,NADP_NADPH,11_kidney,8.06515934004949,kidney,Exercise,11
2724,AMP_ATP,11_kidney,33.49164473406237,kidney,Exercise,11
2725,Lac_Pyr,11_kidney,59.44478782654632,kidney,Exercise,11
2778,Glu_Akg,11_liver,52.43034599551404,liver,Exercise,11
2779,ADP_ATP,11_liver,10.017809971866265,liver,Exercise,11
2780,NAD_NADH,11_liver,1.8677277450657217,liver,Exercise,11
2781,NADP_NADPH,11_liver,3.5514174398107716,liver,Exercise,11
2782,AMP_ATP,11_liver,63.97088420053452,liver,Exercise,11
2783,Lac_Pyr,11_liver,70.08730437101015,liver,Exercise,11
2836,Glu_Akg,11_quad,34.426338942079354,quad,Exercise,11
2837,ADP_ATP,11_quad,0.11827583126529849,quad,Exercise,11
2838,NAD_NADH,11_quad,12.691517236665224,quad,Exercise,11
2839,NADP_NADPH,11_quad,1.7467263024573267,quad,Exercise,11
2840,AMP_ATP,11_quad,0.04218978120919672,quad,Exercise,11
2841,Lac_Pyr,11_quad,2.398451277615348,quad,Exercise,11
2894,Glu_Akg,11_tumor,51.86263831653585,tumor,Exercise,11
2895,ADP_ATP,11_tumor,5.503694750253177,tumor,Exercise,11
2896,NAD_NADH,11_tumor,8.803126730762216,tumor,Exercise,11
2897,NADP_NADPH,11_tumor,9.194583815772546,tumor,Exercise,11
2898,AMP_ATP,11_tumor,28.592887524092646,tumor,Exercise,11
2899,Lac_Pyr,11_tumor,71.46311185551147,tumor,Exercise,11
2952,Glu_Akg,12_heart,87.50621082823993,heart,Sedentary,12
2953,ADP_ATP,12_heart,1.9758888674611448,heart,Sedentary,12
2954,NAD_NADH,12_heart,2.78510129864945,heart,Sedentary,12
2955,NADP_NADPH,12_heart,7.448696360673547,heart,Sedentary,12
2956,AMP_ATP,12_heart,4.957303032969073,heart,Sedentary,12
2957,Lac_Pyr,12_heart,37.806505322571894,heart,Sedentary,12
3010,Glu_Akg,12_kidney,92.15909032369275,kidney,Sedentary,12
3011,ADP_ATP,12_kidney,5.389380386148249,kidney,Sedentary,12
3012,NAD_NADH,12_kidney,2.5942873605052013,kidney,Sedentary,12
3013,NADP_NADPH,12_kidney,7.692516698009208,kidney,Sedentary,12
3014,AMP_ATP,12_kidney,73.45740509562674,kidney,Sedentary,12
3015,Lac_Pyr,12_kidney,58.683248856687776,kidney,Sedentary,12
3068,Glu_Akg,12_liver,64.57358539822046,liver,Sedentary,12
3069,ADP_ATP,12_liver,10.610960285215821,liver,Sedentary,12
3070,NAD_NADH,12_liver,1.6829951269301349,liver,Sedentary,12
3071,NADP_NADPH,12_liver,3.0599461793536675,liver,Sedentary,12
3072,AMP_ATP,12_liver,71.58989434304637,liver,Sedentary,12
3073,Lac_Pyr,12_liver,49.847274153172144,liver,Sedentary,12
3126,Glu_Akg,12_quad,18.141104564532707,quad,Sedentary,12
3127,ADP_ATP,12_quad,0.130677249233651,quad,Sedentary,12
3128,NAD_NADH,12_quad,9.922208753856726,quad,Sedentary,12
3129,NADP_NADPH,12_quad,1.1694928422180333,quad,Sedentary,12
3130,AMP_ATP,12_quad,0.05119899417815571,quad,Sedentary,12
3131,Lac_Pyr,12_quad,2.7146324416759224,quad,Sedentary,12
3184,Glu_Akg,12_tumor,46.663397350615966,tumor,Sedentary,12
3185,ADP_ATP,12_tumor,3.2115384978827097,tumor,Sedentary,12
3186,NAD_NADH,12_tumor,11.719817802641145,tumor,Sedentary,12
3187,NADP_NADPH,12_tumor,20.471318166975074,tumor,Sedentary,12
3188,AMP_ATP,12_tumor,6.789619839561158,tumor,Sedentary,12
3189,Lac_Pyr,12_tumor,55.34747156413439,tumor,Sedentary,12
3242,Glu_Akg,13_heart,72.31708397043833,heart,Exercise,13
3243,ADP_ATP,13_heart,2.0364241899459183,heart,Exercise,13
3244,NAD_NADH,13_heart,8.176252503268058,heart,Exercise,13
3245,NADP_NADPH,13_heart,13.314058758250102,heart,Exercise,13
3246,AMP_ATP,13_heart,11.388047372459967,heart,Exercise,13
3247,Lac_Pyr,13_heart,30.97088971088602,heart,Exercise,13
3300,Glu_Akg,13_kidney,68.81613528401442,kidney,Exercise,13
3301,ADP_ATP,13_kidney,2.73945513148272,kidney,Exercise,13
3302,NAD_NADH,13_kidney,2.3190921579348784,kidney,Exercise,13
3303,NADP_NADPH,13_kidney,14.591504857559784,kidney,Exercise,13
3304,AMP_ATP,13_kidney,33.11615134249428,kidney,Exercise,13
3305,Lac_Pyr,13_kidney,50.36120738592133,kidney,Exercise,13
3358,Glu_Akg,13_liver,100.38825866723286,liver,Exercise,13
3359,ADP_ATP,13_liver,10.862027697297039,liver,Exercise,13
3360,NAD_NADH,13_liver,1.9518874005967224,liver,Exercise,13
3361,NADP_NADPH,13_liver,4.504457432343524,liver,Exercise,13
3362,AMP_ATP,13_liver,79.60141914368495,liver,Exercise,13
3363,Lac_Pyr,13_liver,33.595035055265804,liver,Exercise,13
3416,Glu_Akg,13_quad,23.956403006200045,quad,Exercise,13
3417,ADP_ATP,13_quad,0.12168188394291853,quad,Exercise,13
3418,NAD_NADH,13_quad,11.910430874360225,quad,Exercise,13
3419,NADP_NADPH,13_quad,1.540042248911545,quad,Exercise,13
3420,AMP_ATP,13_quad,0.051917231147872694,quad,Exercise,13
3421,Lac_Pyr,13_quad,4.150287622912848,quad,Exercise,13
3474,Glu_Akg,13_tumor,69.66730942094122,tumor,Exercise,13
3475,ADP_ATP,13_tumor,2.0834048505708718,tumor,Exercise,13
3476,NAD_NADH,13_tumor,9.016237269482724,tumor,Exercise,13
3477,NADP_NADPH,13_tumor,53.68311653479952,tumor,Exercise,13
3478,AMP_ATP,13_tumor,3.966822904324059,tumor,Exercise,13
3479,Lac_Pyr,13_tumor,33.50041795768672,tumor,Exercise,13
3532,Glu_Akg,14_heart,83.39722719128595,heart,Sedentary,14
3533,ADP_ATP,14_heart,1.9735467568317957,heart,Sedentary,14
3534,NAD_NADH,14_heart,3.3609707660168042,heart,Sedentary,14
3535,NADP_NADPH,14_heart,5.888704134796586,heart,Sedentary,14
3536,AMP_ATP,14_heart,8.859148903833972,heart,Sedentary,14
3537,Lac_Pyr,14_heart,44.98002300872656,heart,Sedentary,14
3590,Glu_Akg,14_liver,65.08106313121856,liver,Sedentary,14
3591,ADP_ATP,14_liver,12.700577750342406,liver,Sedentary,14
3592,NAD_NADH,14_liver,1.5139240165387,liver,Sedentary,14
3593,NADP_NADPH,14_liver,2.4576135644443573,liver,Sedentary,14
3594,AMP_ATP,14_liver,208.88173672331644,liver,Sedentary,14
3595,Lac_Pyr,14_liver,27.920802341156744,liver,Sedentary,14
3648,Glu_Akg,14_quad,30.38862740633259,quad,Sedentary,14
3649,ADP_ATP,14_quad,0.10855474633431901,quad,Sedentary,14
3650,NAD_NADH,14_quad,16.590596334823147,quad,Sedentary,14
3651,NADP_NADPH,14_quad,2.310788184150294,quad,Sedentary,14
3652,AMP_ATP,14_quad,0.0375241286316491,quad,Sedentary,14
3653,Lac_Pyr,14_quad,2.3183843546278418,quad,Sedentary,14
3706,Glu_Akg,14_tumor,26.622533510432294,tumor,Sedentary,14
3707,ADP_ATP,14_tumor,2.0267346893197558,tumor,Sedentary,14
3708,NAD_NADH,14_tumor,12.757615198538677,tumor,Sedentary,14
3709,NADP_NADPH,14_tumor,11.308533823945655,tumor,Sedentary,14
3710,AMP_ATP,14_tumor,3.3969343842353212,tumor,Sedentary,14
3711,Lac_Pyr,14_tumor,34.065724006321695,tumor,Sedentary,14
3764,Glu_Akg,15_heart,73.78510186226721,heart,Exercise,15
3765,ADP_ATP,15_heart,1.2288657345719098,heart,Exercise,15
3766,NAD_NADH,15_heart,3.6847816257120676,heart,Exercise,15
3767,NADP_NADPH,15_heart,10.09811583549348,heart,Exercise,15
3768,AMP_ATP,15_heart,1.6658592093044462,heart,Exercise,15
3769,Lac_Pyr,15_heart,36.78168063503137,heart,Exercise,15
3822,Glu_Akg,15_kidney,95.66267744442611,kidney,Exercise,15
3823,ADP_ATP,15_kidney,5.809512679267731,kidney,Exercise,15
3824,NAD_NADH,15_kidney,3.6368905237714717,kidney,Exercise,15
3825,NADP_NADPH,15_kidney,10.915112686206182,kidney,Exercise,15
3826,AMP_ATP,15_kidney,85.33797901874382,kidney,Exercise,15
3827,Lac_Pyr,15_kidney,49.834477837709215,kidney,Exercise,15
3880,Glu_Akg,15_liver,47.69744237039596,liver,Exercise,15
3881,ADP_ATP,15_liver,7.351458719230049,liver,Exercise,15
3882,NAD_NADH,15_liver,2.221376187567476,liver,Exercise,15
3883,NADP_NADPH,15_liver,3.883179511853731,liver,Exercise,15
3884,AMP_ATP,15_liver,31.277017231138906,liver,Exercise,15
3885,Lac_Pyr,15_liver,45.415928836325094,liver,Exercise,15
3938,Glu_Akg,15_quad,36.76954109051209,quad,Exercise,15
3939,ADP_ATP,15_quad,0.14186609961803345,quad,Exercise,15
3940,NAD_NADH,15_quad,9.72624485185667,quad,Exercise,15
3941,NADP_NADPH,15_quad,1.2131315186430514,quad,Exercise,15
3942,AMP_ATP,15_quad,0.06860663366166428,quad,Exercise,15
3943,Lac_Pyr,15_quad,2.3198641608883825,quad,Exercise,15
3996,Glu_Akg,15_tumor,53.34015197768239,tumor,Exercise,15
3997,ADP_ATP,15_tumor,1.6961644766431647,tumor,Exercise,15
3998,NAD_NADH,15_tumor,7.343180578772036,tumor,Exercise,15
3999,NADP_NADPH,15_tumor,22.29481589147287,tumor,Exercise,15
4000,AMP_ATP,15_tumor,4.333805010791029,tumor,Exercise,15
4001,Lac_Pyr,15_tumor,76.64669138663761,tumor,Exercise,15
4054,Glu_Akg,16_heart,117.62799874445092,heart,Sedentary,16
4055,ADP_ATP,16_heart,2.736942439663648,heart,Sedentary,16
4056,NAD_NADH,16_heart,2.884989208019727,heart,Sedentary,16
4057,NADP_NADPH,16_heart,6.196958974029037,heart,Sedentary,16
4058,AMP_ATP,16_heart,6.1206676671397116,heart,Sedentary,16
4059,Lac_Pyr,16_heart,74.30495912062212,heart,Sedentary,16
4112,Glu_Akg,16_kidney,106.04302827628744,kidney,Sedentary,16
4113,ADP_ATP,16_kidney,5.243615060040333,kidney,Sedentary,16
4114,NAD_NADH,16_kidney,3.063987910485327,kidney,Sedentary,16
4115,NADP_NADPH,16_kidney,14.105063890203501,kidney,Sedentary,16
4116,AMP_ATP,16_kidney,75.86034754947853,kidney,Sedentary,16
4117,Lac_Pyr,16_kidney,35.19792796331143,kidney,Sedentary,16
4170,Glu_Akg,16_liver,50.98794828018834,liver,Sedentary,16
4171,ADP_ATP,16_liver,12.22921145994812,liver,Sedentary,16
4172,NAD_NADH,16_liver,1.9421642664827745,liver,Sedentary,16
4173,NADP_NADPH,16_liver,4.259478009692497,liver,Sedentary,16
4174,AMP_ATP,16_liver,72.29312040184104,liver,Sedentary,16
4175,Lac_Pyr,16_liver,48.085823259544696,liver,Sedentary,16
4228,Glu_Akg,16_quad,27.990099396590445,quad,Sedentary,16
4229,ADP_ATP,16_quad,0.11726064368461266,quad,Sedentary,16
4230,NAD_NADH,16_quad,12.983805387357817,quad,Sedentary,16
4231,NADP_NADPH,16_quad,2.7954118834482564,quad,Sedentary,16
4232,AMP_ATP,16_quad,0.02787663882310241,quad,Sedentary,16
4233,Lac_Pyr,16_quad,3.9454412929965392,quad,Sedentary,16
4286,Glu_Akg,16_tumor,46.988305860380216,tumor,Sedentary,16
4287,ADP_ATP,16_tumor,1.625837321277471,tumor,Sedentary,16
4288,NAD_NADH,16_tumor,12.63146118603434,tumor,Sedentary,16
4289,NADP_NADPH,16_tumor,22.32686104744928,tumor,Sedentary,16
4290,AMP_ATP,16_tumor,2.2223576490932917,tumor,Sedentary,16
4291,Lac_Pyr,16_tumor,23.164982390227184,tumor,Sedentary,16
